Variable,Value,units
K_w,1.0,-
Λ_LE,28.0,u.deg
n_ult,6.0,-
t_o_c,0.09,-
λ,0.4,-
A,5.5,-
S,415.0,ui.ft ** 2
W_TO,34807.0,ui.lbf
S_h,155.0,ui.ft ** 2
b_h,24.9,ui.ft
t_r_h,0.5,ui.ft
c_bar,10.35,ui.ft
l_h,22.48,ui.ft
z_h,0.0,-
M_H,0.9,-
A_v,5.0,-
S_v,40.24,ui.ft ** 2
l_v,20.69,ui.ft
S_r,20.0,ui.ft ** 2
λ_v,0.4,-
Λ_qtrchrd_v,10.0,u.deg
K_inl,1.25,-
l_f,50.0,ui.ft
h_f,7.0,ui.ft
N_inl,2.0,-
A_inl,6.2,ui.ft ** 2
l_n,10.0,ui.ft
P_2,15.0,(ui.lbf / ui.inch ** 2)
W_pwr,3034.0,-
W_F,8641.0,ui.lbf
K_fsp,6.55,(ui.lbf / ui.gallon)
N_pil,1.0,-
N_e,1.0,-
K_fcf,138.0,-
APU_est_factor,0.004,-
W_pay,14000.0,ui.lbf
PAINT_EST_FACTOR,0.003,-
,,
System	Weight [lbf]	Location [% lf]
Fuel wing + drop tank	5000.0	0.51
Fuel fuselage	4500.0	0.39
Payload wing	11000.0	0.505
Gun	1040.0000000000002	0.45
Pilot	250.0	0.17
Wing	2732.0	0.51
Powerplant	3034.0000000000005	0.84
Fuselage	1799.458036480086	0.45
Landing Gear	1080.0	0.4
Nacelle	409.9544761688947	0.65
FCS	850.0	0.38
VT	199.99491810580824	0.88
HT	378.85961299603537	0.92
APU	125.30520000000001	0.3
Avionics	399.80494440000007	0.214
Fuel Systems	373.30150819279726	0.6
Elec. Systems	354.80560402065964	0.5
Paint	93.97890000000001	0.4
Env Systems	131.59453131903146	0.3
Furnishings	84.21057746791003	0.2
O2 System	15.209999999999999	0.24
Pilot Armour	765.0	0.17
Result	Value	Units
CG	0.5032226409491846	% l_f
Optimal Wing Pos	0.51	%_f
Wing Weight	2732.0	lbf
Empty Weight	12827.478309151222	lbf
CG VT	0.88	% l_f
CG HT	0.92	% l_f
CG w/out HT	0.4986108862999459	% l_f
Weight w/out HT	34238.61869615518	lbf
FDGW	25117.478309151214	lbf
W_T	34617.478309151214	lbf
