Variable,Value,units
K_w,1.0,-
Λ_LE,25.0,u.deg
n_ult,9.0,-
t_o_c,0.094,-
λ,0.4,-
A,5.5,-
S,438.76,ui.ft ** 2
W_TO,34790.0,ui.lbf
S_h,155.0,ui.ft ** 2
b_h,24.9,ui.ft
t_r_h,0.5,ui.ft
c_bar,10.35,ui.ft
l_h,22.48,ui.ft
z_h,0.0,-
M_H,0.95,-
A_v,5.0,-
S_v,40.24,ui.ft ** 2
l_v,20.69,ui.ft
S_r,20.0,ui.ft ** 2
λ_v,0.4,-
Λ_qtrchrd_v,10.0,u.deg
K_inl,1.25,-
l_f,49.0,ui.ft
h_f,7.0,ui.ft
N_inl,2.0,-
A_inl,6.2,ui.ft ** 2
l_n,10.0,ui.ft
P_2,30.0,(ui.lbf / ui.inch ** 2)
W_pwr,3750.0,-
W_F,17392.0,ui.lbf
K_fsp,6.55,(ui.lbf / ui.gallon)
N_pil,1.0,-
N_e,1.0,-
K_fcf,138.0,-
APU_est_factor,0.013,-
W_pay,12500.0,ui.lbf
PAINT_EST_FACTOR,0.006,-
,,
System	Weight [lbf]	Location [% lf]
Fuel wing + drop tank	5000	0.49	14.371945961483185
Fuel fuselage	4500	0.49	12.934751365334865
Payload wing	10646	0.49	30.600747341189997
Gun	1854	0.11428571428571428	5.329117562517965
Pilot	250	0.15	0.7185972980741593
Wing	3706.806139736201	0.49	10.654803505996554
Powerplant	3750.0	0.85	10.778959471112389
Fuselage	1970.0088235708283	0.45	5.6625720712010015
Landing Gear	1226.540580314273	0.4	3.525554987968592
Nacelle	756.0422224687626	0.5	2.173159593184141
FCS	1085.0858734303142	0.38	3.1189591073018517
VT	266.5778667861423	0.85	0.76624853919558
HT	568.9464355395547	0.975	1.6353734853105915
APU	452.27	0.3	1.3
Avionics	444.02052000000003	0.15	1.2762877838459328
Fuel Systems	738.2806580832096	0.6	2.122105944476026
Elec. Systems	463.9817958304037	0.5	1.3336642593572974
Paint	208.74	0.4	0.6
Man. Var.	48.980000000000004	0.5	0.1407875826386893
Env Systems	146.18158038623605	0.3	0.4201827547750389
Furnishings	93.5508175270815	0.2	0.2689014588303579
O2 System	16.9	0.24	0.048577177349813164
Result	Value	Units
CG	0.5007577840778588	% l_f
Optimal Wing Pos	0.49	%_f
Wing Weight	3706.806139736201	lbf
Empty Weight	15942.913313673005	lbf
CG VT	0.85	% l_f
CG HT	0.975	% l_f
CG w/out HT	0.493586333518027	% l_f
Weight w/out HT	37623.96687813345	lbf
FDGW	28692.913313673	lbf
W_T	38192.913313673	lbf
